applink,title,result,group
arcgis-navigator://?,Just the scheme no Params,FAIL,Basic; App Link
arcgis-navigator://,Just the scheme no Params no ?,PASS,Basic; App Link
"arcgis-navigator://?&stop=43.633332,-70.259971&stopname=My+House",One stop with leading &,FAIL - xxxxxx,Basic; App Link
"arcgis-navigator://stop=43.633332,-70.259971&stopname=My+House",One stop with with no ? after app-scheme,FAIL - xxxxxx,Basic; App Link
"arcgis-navigator://?start=43.222,-76.444&startname=esri+portland+ME",Only start parameter provided,PASS - nothing happen,Basic; App Link
arcgis-navigator://?optimize=false&navigate=false&travelmode=Driving+Time?navigate=false,Everything but start or stops,PASS - xxxxx?,Basic; App Link
"arcgis-navigator://?stop=125+Commercial+St,+Portland,+ME+04103&stopname=Down+the+street&callback=mynotsocoolapp://&callbackprompt=bad+app",Bad CallBack App,FAIL - xxxxx,Basic; Callback
"arcgis-navigator://?stop=125+Commercial+St,+Portland,+ME+04103&stopname=Down+the+street&callback=arcgis-collector://?&callbackprompt=Collector+for+ArcGIS",Collector Callback,PASS,Basic; Callback
"arcgis-navigator://?stop=125+Commercial+St,+Portland,+ME+04103&stopname=Down+the+street&callback=arcgis-explorer://?&callbackprompt=Explorer+for+ArcGIS",Explorer Callback,PASS,Basic; Callback
"arcgis-navigator://?stop=125+Commercial+St,+Portland,+ME+04103&stopname=Down+the+street&callback=arcgis-survey123://?&callbackprompt=Survey123+for+ArcGIS",Survery123 Callback,PASS,Basic; Callback
"arcgis-navigator://?stop=125+Commercial+St,+Portland,+ME+04103&stopname=Down+the+street&callback=arcgis-workforce://?&callbackprompt=Workforce+for+ArcGIS",Workforce Callback,PASS,Basic; Callback
"arcgis-navigator://?stop=125+Commercial+St,+Portland,+ME+04103&stopname=Down+the+street&callback=arcgis-workforce://&callbackprompt=Workforce+for+ArcGIS",Workforce Callback - no question mark,PASS,Basic; Callback
"arcgis-navigator://?stop=125+Commercial+St,+Portland,+ME+04103&stopname=Down+the+street&callback=arcgis-workforce://?",Workforce Callback - no prompt,PASS,Basic; Callback
arcgis-navigator://?stop=Gas+Station&stopname=Gas+Station,To Gas Station,PASS,Basic; Locator search
arcgis-navigator://?stop=Pats+Pizza&stopname=Pats+Pizzaddddddddddddddddddddddddddddddddddddddddddddddddddddddddddddddddddddddddddddddddddddddddddddddddddd+Pats+Pizza+addddddddddddddddddddddddddddddddddddddddddddddddddddddddddddddddddddddddddddddddddddddddddddddddddd&optimize=true,To Pat's Pizza (super long name test) - optimize one,PASS,Basic; Locator search
"arcgis-navigator://?stop=125+Commercial+St,+Portland,+ME+04103&stopname=1&start=125+Commercial+St,+Portland,+ME+04103&startname=",Super short name test (1 - ''),PASS,Basic; Locator search
"arcgis-navigator://?stop=125+Commercial+St,+Portland,+ME+04103&stopname=1&start=125+Commercial+St,+Portland,+ME+04103&startname=2",Super short name test (1 - 2),PASS,Basic; Locator search
arcgis-navigator://?start=100+Commerical+St+Portland+ME&stop=Gas+Station&stopname=Gas+Station,Esri to Gas Station,PASS,Basic; Locator search
arcgis-navigator://?start=Pats+Pizza&stop=Gas+Station&stopname=Gas+Station,Pat's Pizza to Gas Station,PASS,Basic; Locator search
arcgis-navigator://?start=100+Commerical+St+Portland+ME&stop=Bangor+ME&stopname=City+of+Bangor&stop=Gas+Station&stopname=Gas+Station,Esri to Bangor to Gas station,PASS,Basic; Locator search
"arcgis-navigator://?stop=PWM&stopname=Portland Jetport&stop=1+Industrial+Way,+Portland,+ME+04103&stopname=Bissell+Brothers+By+Address&navigate=true",Navigate True,PASS,Basic; Navigate
"arcgis-navigator://?stop=1+Industrial+Way,+Portland,+ME+04103&stopname=Bissell+Brothers+By+Address&stop=PWM&stopname=Portland Jetport&navigate=false",Navigate False,PASS,Basic; Navigate
"arcgis-navigator://?stop=1+Industrial+Way,+Portland,+ME+04103&stopname=Bissell+Brothers+By+Address&stop=505+Fore+St,+Portland,+ME+04101&stopname=Zapoteca&optimize=true&callback=arcgis-collector://?&callbackprompt=Collector+for+ArcGIS",Optimize True,PASS,Basic; Optimize
"arcgis-navigator://?stop=1+Industrial+Way,+Portland,+ME+04103&stopname=Bissell+Brothers+By+Address&stop=505+Fore+St,+Portland,+ME+04101&stopname=Zapoteca&optimize=false&callback=arcgis-collector://?&callbackprompt=Collector+for+ArcGIS",Optimize False,PASS,Basic; Optimize
"arcgis-navigator://?stopname=Bissell+Bros&stop=43.702586,-70.320203",Single LatLong no other parameters,PASS,Basic; Single Stop
"arcgis-navigator://?stopname=Off+road+east+end&stop=43.672191,-70.249304",Single LatLong no other parameters (off road),PASS,Basic; Single Stop
"arcgis-navigator://?stop=1+Industrial+Way,+Portland,+ME+04103&stopname=Bissell+Brothers+By+Address&optimize=true",Single Address,PASS,Basic; Single Stop
"arcgis-navigator://?stop=43.5927182,-70.3621046&stopname=Salt+Pump+Climbing+Co&start=505+Fore+St,+Portland,+ME+04101&startname=Zapotecca&optimize=true",Start Point - Address,PASS,Basic; Start to Stop
"arcgis-navigator://?stop=43.5927182,-70.3621046&stopname=Salt+Pump+Climbing+Co&start=Verizon+Wireless+Premium+Retailer,+Cellular+Sales,+3+Somerset+St,+Portland,+ME+04101&startname=Verizon&optimize=true",Start Point - Address Beginning with Name,PASS,Basic; Start to Stop
"arcgis-navigator://?stop=Verizon+Wireless+Premium+Retailer,+Cellular+Sales,+3+Somerset+St,+Portland,+ME+04101&stopname=Verizon&optimize=false",Single Stop - Address Beginning with Name,PASS,Basic; Start to Stop
"arcgis-navigator://?stop=505+Fore+St,+Portland,+ME+04101&stopname=Zapotecca&start=43.5927182,-70.3621046&startname=Salt+Pump&optimize=true",tart Point - LatLong,PASS,Basic; Start to Stop
"arcgis-navigator://?stop=1+Industrial+Way,+Portland,+ME+04103&optimize=true",Single Address No StopName,PASS,Basic; Stopname
"arcgis-navigator://?stop=1+Industrial+Way,+Portland,+ME+04103&stopname=Bissell,Brothers",Comma in Name,PASS,Basic; Stopname
arcgis-navigator://?stop=PWM&stopname=Portland+International+Jetport&navigate=true&optimize=true&callback=arcgis-collector://?&callbackprompt=Collector+for+ArcGIS&travelmode=Walking+Time,Travel Mode Walking Time,PASS,Basic; Travel Mode
"arcgis-navigator://?stop=1+Industrial+Way,+Portland,+ME+04103&stopname=Bissell+Brothers+By+Address&stop=505+Fore+St,+Portland,+ME+04101&stopname=Zapotecca&optimize=false",Two Addresses,PASS,Basic; Two Stops
"arcgis-navigator://?stop=505+Fore+St,+Portland,+ME+04101&stopname=Zapotecca&stop=43.5927182,-70.3621046&stopname=Salt+Pump+Climbing+Co&optimize=true",One Address One LatLong,PASS,Basic; Two Stops
"arcgis-navigator://?stops=name,43.702586,-70.320202,name2,43.702586,-70.320202",1.x URL Scheme,FAIL - Version of App Link is not supported,Error; App Link
"comgooglemaps://?center=40.765819,-73.975866&zoom=14&views=traffic",Google Maps URL Scheme,FAIL - nothing,Error; App Link
"comgooglemaps://?center=46.414382,10.013988&mapmode=streetview",Google Maps URL Scheme with StreetView,FAIL - nothing,Error; App Link
"arcgis-navigator://?stop=abcd,+ME+12345&stopname=Bissell+Brothers+By+Address&optimize=true",Single Bad Well Formed Address,FAIL - Incorrect parameters to geocode,Error; Geocode
"arcgis-navigator://?stop=Bad+Address,xxxxxxxxxxxxx",Bad Address,FAIL - Incorrect parameters to geocode,Error; Geocode
"arcgis-navigator://?stop=43.651508,-70.290554=x&stopname=x=y",Breaking case too many =,FAIL - Incorrect URL scheme value pair,Error; Parsing
"arcgis-navigator://?stop=43.651508,-70.290554&stopname",Breaking case no =,FAIL - Incorrect URL scheme value pair,Error; Parsing
"arcgis-navigator://?stop=43.651508,-70.290554=x&optimize",Breaking = in coord and not in arg,FAIL - Incorrect URL scheme value pair,Error; Parsing
"arcgis-navigator://?stop=0.0,0.0&stopname=Bad+Lat+Long&optimize=true",00 LatLong,FAIL - Could not calculate route,Error; Route
"arcgis-navigator://?stop=42.9463,-71.5132&stopname=NH+stop&start=43.633332,-70.259971&startname=My+house",Stop outside of map extent,FAIL - Could not calculate route,Error; Route
"arcgis-navigator://?stop=43.633332,-70.259971&stopname=My+house&start=42.9463,-71.5132&startname=NH+stop",Start outside of map extent,FAIL - Could not calculate route,Error; Route
"arcgis-navigator://?stop=43.633332,-70.259971&stopname=My+house&start=43.681959,-70.092359&startname=Jewell+Island",Start inaccessible,FAIL - Could not calculate route,Error; Route
"arcgis-navigator://?stop=43.681959,-70.092359&stopname=Jewell+Island&start=43.633332,-70.259971&startname=My+house",Stop inaccessible,FAIL - Could not calculate route,Error; Route
"arcgis-navigator://?start=43.656572,-70.251198&startname=Esri+Portland+Office&stop=43.633332,-70.259971&stopname='Joel'&start=43.633332,-70.259971&startname='Joel'",Multiple starts - stop,FAIL,Error; Starts
"arcgis-navigator://?stop=1+Industrial+Way,+Portland,+ME+04103&stopname=Bissell+Brothers+By+Address&stop=43.5927182,-70.3621046&optimize=true",Uneven stop - stopname ratio,PASS,Error; Stopnames
"arcgis-navigator://?stop=43.5927182,-70.3621046&stopname=Salt+Pump+Climbing+Co&start=505+Fore+St,+Portland,+ME+04101&optimize=true",Start Point - Address - no StartName,PASS,Error; Stopnames
"arcgis-navigator://?stop=43.5927182,-70.3621046&stopname=Salt+Pump+Climbing+Co&start=505+Fore+St,+Portland,+ME+04101&startname=Zapotecca&startname=Zapotecca2&startname=Zapotecca3&optimize=true",Start Point - Address - Uneven start / startname ratio,FAIL - Incorrect number of stops and names,Error; Stopnames
"arcgis-navigator://?stop=505+Fore+St,+Portland,+ME+04101&stopname=Salt+Pump+Climbing+Co&stopname=Salt+Pump+Climbing+Co2&stopname=Salt+Pump+Climbing+Co3&stopname=Salt+Pump+Climbing+Co4&start=43.5927182,-70.3621046&optimize=true",Stop Address - Point (no start name) - Uneven stop / stopname ratio,FAIL - Incorrect number of stops and names,Error; Stopnames
"arcgis-navigator://?stop=505+Fore+St,+Portland,+ME+04101&stopname=Salt+Pump+Climbing+Co&stopname=Salt+Pump+Climbing+Co2&stopname=Salt+Pump+Climbing+Co3&stopname=Salt+Pump+Climbing+Co4&start=43.5927182,-70.3621046&startname=Zapotecca&optimize=true",Stop Address - Point (with start name) - Uneven stop / stopname ratio,FAIL - Incorrect number of stops and names,Error; Stopnames
"arcgis-navigator://?stop=43.656572,-70.251198&stopname=Esri+Portland+Office&stop=43.633332,-70.259971&start=43.633332,-70.259971&startname='Joel'&travelmode=Driving+Time",Start Name - Some Stop Names,PASS,Error; Stopnames
"arcgis-navigator://?stop=43.656572,-70.251198&stopname=Esri+Portland+Office&stop=43.633332,-70.259971&start=43.633332,-70.259971&travelmode=Driving+Time",No Start Name - Some Stop Names,PASS,Error; Stopnames
"arcgis-navigator://?stop=43.656572,-70.251198&stopname=Esri+Portland+Office&stop=43.633332,-70.259971&stopname='Joel'&start=43.633332,-70.259971&startname='Joel'&travelmode=Driving+Time",Start Name - All Stop Names,PASS,Error; Stopnames
"arcgis-navigator://?stop=43.656572,-70.251198&stop=43.633332,-70.259971&start=43.633332,-70.259971",No Stop Names (Coords),PASS,Error; Stopnames
arcgis-navigator://?stop=100+Commercial+Street+Portland+Maine+04101+United+States+of+America&stop=710+Broadway+South+Portland+Maine+04106+United+States+of+America&start=710+Broadway+South+Portland+Maine+04106+United+States+of+America,No Stop Names (Address),PASS,Error; Stopnames
"arcgis-navigator://?stop=100+Commercial+Street,+Portland,+Maine+04101,+United+States+of+America&stop=710+Broadway+South+Portland+Maine+04106+United+States+of+America&start=710+Broadway,+South+Portland,+Maine+04106,+United+States+of+America",No Stop Names (Address w/ commas),PASS,Error; Stopnames
"arcgis-navigator://?stop=1+Industrial+Way,+Portland,+ME+04103&stopname=STOP1&stop=505+Fore+St,+Portland,+ME+04101&stopname=STOP2&startname=STARTNAME",StartName with no start parameter,FAIL - Incorrect number of stops and names,Error; Stopnames
arcgis-navigator://?stop=330+Congress+St+Portland+ME+04101&stopname=Stop+1&stop=1080+Congress+St+Portland+ME+04101&stopname=Stop+2&stop=856+Congress+St+Portland+ME+04101&stopname=Stop+3&stop=1032+Congress+St+Portland+ME+04101&stopname=Stop+4&stop=122+Congress+St+Portland+ME+04101&stopname=Stop+5&stop=132+Congress+St+Portland+ME+04101&stopname=Stop+6&stop=2291+Congress+St+Portland+ME+04101&stopname=Stop+7&stop=2137+Congress+St+Portland+ME+04101&stopname=Stop+8&stop=700+Congress+St+Portland+ME+04101&stopname=Stop+9&stop=1319+Congress+St+Portland+ME+04101&stopname=Stop+10&stop=383+Congress+St+Portland+ME+04101&stopname=Stop+11&stop=1013+Congress+St+Portland+ME+04101&stopname=Stop+12&stop=1774+Congress+St+Portland+ME+04101&stopname=Stop+13&stop=1139+Congress+St+Portland+ME+04101&stopname=Stop+14&stop=1017+Congress+St+Portland+ME+04101&stopname=Stop+15&stop=1679+Congress+St+Portland+ME+04101&stopname=Stop+16&stop=189+Congress+St+Portland+ME+04101&stopname=Stop+17&stop=1399+Congress+St+Portland+ME+04101&stopname=Stop+18&stop=61+Congress+St+Portland+ME+04101&stopname=Stop+19&stop=23+Congress+St+Portland+ME+04101&stopname=Stop+20&stop=1835+Congress+St+Portland+ME+04101&stopname=Stop+21&stop=1236+Congress+St+Portland+ME+04101&stopname=Stop+22&stop=1917+Congress+St+Portland+ME+04101&stopname=Stop+23&stop=432+Congress+St+Portland+ME+04101&stopname=Stop+24&stop=480+Congress+St+Portland+ME+04101&stopname=Stop+25&stop=571+Congress+St+Portland+ME+04101&stopname=Stop+26&stop=139+Congress+St+Portland+ME+04101&stopname=Stop+27&stop=1850+Congress+St+Portland+ME+04101&stopname=Stop+28&stop=908+Congress+St+Portland+ME+04101&stopname=Stop+29&stop=1869+Congress+St+Portland+ME+04101&stopname=Stop+30&stop=1585+Congress+St+Portland+ME+04101&stopname=Stop+31&stop=217+Congress+St+Portland+ME+04101&stopname=Stop+32&stop=929+Congress+St+Portland+ME+04101&stopname=Stop+33&stop=901+Congress+St+Portland+ME+04101&stopname=Stop+34&stop=2044+Congress+St+Portland+ME+04101&stopname=Stop+35&stop=1313+Congress+St+Portland+ME+04101&stopname=Stop+36&stop=828+Congress+St+Portland+ME+04101&stopname=Stop+37&stop=1288+Congress+St+Portland+ME+04101&stopname=Stop+38&stop=985+Congress+St+Portland+ME+04101&stopname=Stop+39&stop=866+Congress+St+Portland+ME+04101&stopname=Stop+40&stop=735+Congress+St+Portland+ME+04101&stopname=Stop+41&stop=1738+Congress+St+Portland+ME+04101&stopname=Stop+42&stop=916+Congress+St+Portland+ME+04101&stopname=Stop+43&stop=1514+Congress+St+Portland+ME+04101&stopname=Stop+44&stop=233+Congress+St+Portland+ME+04101&stopname=Stop+45&stop=1158+Congress+St+Portland+ME+04101&stopname=Stop+46&stop=545+Congress+St+Portland+ME+04101&stopname=Stop+47&stop=364+Congress+St+Portland+ME+04101&stopname=Stop+48&stop=1606+Congress+St+Portland+ME+04101&stopname=Stop+49&stop=1174+Congress+St+Portland+ME+04101&stopname=Stop+50&stop=668+Congress+St+Portland+ME+04101&stopname=Stop+51&stop=1372+Congress+St+Portland+ME+04101&stopname=Stop+52&stop=464+Congress+St+Portland+ME+04101&stopname=Stop+53&stop=170+Congress+St+Portland+ME+04101&stopname=Stop+54&stop=1342+Congress+St+Portland+ME+04101&stopname=Stop+55&stop=710+Congress+St+Portland+ME+04101&stopname=Stop+56&stop=2250+Congress+St+Portland+ME+04101&stopname=Stop+57&stop=1376+Congress+St+Portland+ME+04101&stopname=Stop+58&stop=922+Congress+St+Portland+ME+04101&stopname=Stop+59&stop=1265+Congress+St+Portland+ME+04101&stopname=Stop+60&stop=1116+Congress+St+Portland+ME+04101&stopname=Stop+61&stop=1278+Congress+St+Portland+ME+04101&stopname=Stop+62&stop=1917+Congress+St+Portland+ME+04101&stopname=Stop+63&stop=2233+Congress+St+Portland+ME+04101&stopname=Stop+64&stop=546+Congress+St+Portland+ME+04101&stopname=Stop+65&stop=1934+Congress+St+Portland+ME+04101&stopname=Stop+66&stop=831+Congress+St+Portland+ME+04101&stopname=Stop+67&stop=1029+Congress+St+Portland+ME+04101&stopname=Stop+68&stop=1113+Congress+St+Portland+ME+04101&stopname=Stop+69&stop=1050+Congress+St+Portland+ME+04101&stopname=Stop+70&stop=1592+Congress+St+Portland+ME+04101&stopname=Stop+71&stop=1733+Congress+St+Portland+ME+04101&stopname=Stop+72&stop=866+Congress+St+Portland+ME+04101&stopname=Stop+73&stop=2195+Congress+St+Portland+ME+04101&stopname=Stop+74&stop=137+Congress+St+Portland+ME+04101&stopname=Stop+75&stop=2124+Congress+St+Portland+ME+04101&stopname=Stop+76&stop=481+Congress+St+Portland+ME+04101&stopname=Stop+77&stop=1995+Congress+St+Portland+ME+04101&stopname=Stop+78&stop=2292+Congress+St+Portland+ME+04101&stopname=Stop+79&stop=482+Congress+St+Portland+ME+04101&stopname=Stop+80&stop=2173+Congress+St+Portland+ME+04101&stopname=Stop+81&stop=731+Congress+St+Portland+ME+04101&stopname=Stop+82&stop=2077+Congress+St+Portland+ME+04101&stopname=Stop+83&stop=1553+Congress+St+Portland+ME+04101&stopname=Stop+84&stop=1816+Congress+St+Portland+ME+04101&stopname=Stop+85&stop=1099+Congress+St+Portland+ME+04101&stopname=Stop+86&stop=550+Congress+St+Portland+ME+04101&stopname=Stop+87&stop=1271+Congress+St+Portland+ME+04101&stopname=Stop+88&stop=138+Congress+St+Portland+ME+04101&stopname=Stop+89&stop=456+Congress+St+Portland+ME+04101&stopname=Stop+90&stop=2070+Congress+St+Portland+ME+04101&stopname=Stop+91&stop=2247+Congress+St+Portland+ME+04101&stopname=Stop+92&stop=1281+Congress+St+Portland+ME+04101&stopname=Stop+93&stop=1967+Congress+St+Portland+ME+04101&stopname=Stop+94&stop=2006+Congress+St+Portland+ME+04101&stopname=Stop+95&stop=1539+Congress+St+Portland+ME+04101&stopname=Stop+96&stop=508+Congress+St+Portland+ME+04101&stopname=Stop+97&stop=1581+Congress+St+Portland+ME+04101&stopname=Stop+98&stop=1661+Congress+St+Portland+ME+04101&stopname=Stop+99&stop=1830+Congress+St+Portland+ME+04101&stopname=Stop+100&optimize=False,100 Random Congress St Stops - Optimize Off,PASS,Performance; Stops
arcgis-navigator://?stop=330+Congress+St+Portland+ME+04101&stopname=Stop+1&stop=1080+Congress+St+Portland+ME+04101&stopname=Stop+2&stop=856+Congress+St+Portland+ME+04101&stopname=Stop+3&stop=1032+Congress+St+Portland+ME+04101&stopname=Stop+4&stop=122+Congress+St+Portland+ME+04101&stopname=Stop+5&stop=132+Congress+St+Portland+ME+04101&stopname=Stop+6&stop=2291+Congress+St+Portland+ME+04101&stopname=Stop+7&stop=2137+Congress+St+Portland+ME+04101&stopname=Stop+8&stop=700+Congress+St+Portland+ME+04101&stopname=Stop+9&stop=1319+Congress+St+Portland+ME+04101&stopname=Stop+10&stop=383+Congress+St+Portland+ME+04101&stopname=Stop+11&stop=1013+Congress+St+Portland+ME+04101&stopname=Stop+12&stop=1774+Congress+St+Portland+ME+04101&stopname=Stop+13&stop=1139+Congress+St+Portland+ME+04101&stopname=Stop+14&stop=1017+Congress+St+Portland+ME+04101&stopname=Stop+15&stop=1679+Congress+St+Portland+ME+04101&stopname=Stop+16&stop=189+Congress+St+Portland+ME+04101&stopname=Stop+17&stop=1399+Congress+St+Portland+ME+04101&stopname=Stop+18&stop=61+Congress+St+Portland+ME+04101&stopname=Stop+19&stop=23+Congress+St+Portland+ME+04101&stopname=Stop+20&stop=1835+Congress+St+Portland+ME+04101&stopname=Stop+21&stop=1236+Congress+St+Portland+ME+04101&stopname=Stop+22&stop=1917+Congress+St+Portland+ME+04101&stopname=Stop+23&stop=432+Congress+St+Portland+ME+04101&stopname=Stop+24&stop=480+Congress+St+Portland+ME+04101&stopname=Stop+25&stop=571+Congress+St+Portland+ME+04101&stopname=Stop+26&stop=139+Congress+St+Portland+ME+04101&stopname=Stop+27&stop=1850+Congress+St+Portland+ME+04101&stopname=Stop+28&stop=908+Congress+St+Portland+ME+04101&stopname=Stop+29&stop=1869+Congress+St+Portland+ME+04101&stopname=Stop+30&stop=1585+Congress+St+Portland+ME+04101&stopname=Stop+31&stop=217+Congress+St+Portland+ME+04101&stopname=Stop+32&stop=929+Congress+St+Portland+ME+04101&stopname=Stop+33&stop=901+Congress+St+Portland+ME+04101&stopname=Stop+34&stop=2044+Congress+St+Portland+ME+04101&stopname=Stop+35&stop=1313+Congress+St+Portland+ME+04101&stopname=Stop+36&stop=828+Congress+St+Portland+ME+04101&stopname=Stop+37&stop=1288+Congress+St+Portland+ME+04101&stopname=Stop+38&stop=985+Congress+St+Portland+ME+04101&stopname=Stop+39&stop=866+Congress+St+Portland+ME+04101&stopname=Stop+40&stop=735+Congress+St+Portland+ME+04101&stopname=Stop+41&stop=1738+Congress+St+Portland+ME+04101&stopname=Stop+42&stop=916+Congress+St+Portland+ME+04101&stopname=Stop+43&stop=1514+Congress+St+Portland+ME+04101&stopname=Stop+44&stop=233+Congress+St+Portland+ME+04101&stopname=Stop+45&stop=1158+Congress+St+Portland+ME+04101&stopname=Stop+46&stop=545+Congress+St+Portland+ME+04101&stopname=Stop+47&stop=364+Congress+St+Portland+ME+04101&stopname=Stop+48&stop=1606+Congress+St+Portland+ME+04101&stopname=Stop+49&stop=1174+Congress+St+Portland+ME+04101&stopname=Stop+50&stop=668+Congress+St+Portland+ME+04101&stopname=Stop+51&stop=1372+Congress+St+Portland+ME+04101&stopname=Stop+52&stop=464+Congress+St+Portland+ME+04101&stopname=Stop+53&stop=170+Congress+St+Portland+ME+04101&stopname=Stop+54&stop=1342+Congress+St+Portland+ME+04101&stopname=Stop+55&stop=710+Congress+St+Portland+ME+04101&stopname=Stop+56&stop=2250+Congress+St+Portland+ME+04101&stopname=Stop+57&stop=1376+Congress+St+Portland+ME+04101&stopname=Stop+58&stop=922+Congress+St+Portland+ME+04101&stopname=Stop+59&stop=1265+Congress+St+Portland+ME+04101&stopname=Stop+60&stop=1116+Congress+St+Portland+ME+04101&stopname=Stop+61&stop=1278+Congress+St+Portland+ME+04101&stopname=Stop+62&stop=1917+Congress+St+Portland+ME+04101&stopname=Stop+63&stop=2233+Congress+St+Portland+ME+04101&stopname=Stop+64&stop=546+Congress+St+Portland+ME+04101&stopname=Stop+65&stop=1934+Congress+St+Portland+ME+04101&stopname=Stop+66&stop=831+Congress+St+Portland+ME+04101&stopname=Stop+67&stop=1029+Congress+St+Portland+ME+04101&stopname=Stop+68&stop=1113+Congress+St+Portland+ME+04101&stopname=Stop+69&stop=1050+Congress+St+Portland+ME+04101&stopname=Stop+70&stop=1592+Congress+St+Portland+ME+04101&stopname=Stop+71&stop=1733+Congress+St+Portland+ME+04101&stopname=Stop+72&stop=866+Congress+St+Portland+ME+04101&stopname=Stop+73&stop=2195+Congress+St+Portland+ME+04101&stopname=Stop+74&stop=137+Congress+St+Portland+ME+04101&stopname=Stop+75&stop=2124+Congress+St+Portland+ME+04101&stopname=Stop+76&stop=481+Congress+St+Portland+ME+04101&stopname=Stop+77&stop=1995+Congress+St+Portland+ME+04101&stopname=Stop+78&stop=2292+Congress+St+Portland+ME+04101&stopname=Stop+79&stop=482+Congress+St+Portland+ME+04101&stopname=Stop+80&stop=2173+Congress+St+Portland+ME+04101&stopname=Stop+81&stop=731+Congress+St+Portland+ME+04101&stopname=Stop+82&stop=2077+Congress+St+Portland+ME+04101&stopname=Stop+83&stop=1553+Congress+St+Portland+ME+04101&stopname=Stop+84&stop=1816+Congress+St+Portland+ME+04101&stopname=Stop+85&stop=1099+Congress+St+Portland+ME+04101&stopname=Stop+86&stop=550+Congress+St+Portland+ME+04101&stopname=Stop+87&stop=1271+Congress+St+Portland+ME+04101&stopname=Stop+88&stop=138+Congress+St+Portland+ME+04101&stopname=Stop+89&stop=456+Congress+St+Portland+ME+04101&stopname=Stop+90&stop=2070+Congress+St+Portland+ME+04101&stopname=Stop+91&stop=2247+Congress+St+Portland+ME+04101&stopname=Stop+92&stop=1281+Congress+St+Portland+ME+04101&stopname=Stop+93&stop=1967+Congress+St+Portland+ME+04101&stopname=Stop+94&stop=2006+Congress+St+Portland+ME+04101&stopname=Stop+95&stop=1539+Congress+St+Portland+ME+04101&stopname=Stop+96&stop=508+Congress+St+Portland+ME+04101&stopname=Stop+97&stop=1581+Congress+St+Portland+ME+04101&stopname=Stop+98&stop=1661+Congress+St+Portland+ME+04101&stopname=Stop+99&stop=1830+Congress+St+Portland+ME+04101&stopname=Stop+100&optimize=True,100 Random Congress St Stops - Optimize True,PASS,Performance; Stops
arcgis-navigator://?stop=1157+Congress+St+Portland+ME+04101&stopname=Stop+1&stop=595+Congress+St+Portland+ME+04101&stopname=Stop+2&stop=1186+Congress+St+Portland+ME+04101&stopname=Stop+3&stop=1989+Congress+St+Portland+ME+04101&stopname=Stop+4&stop=1616+Congress+St+Portland+ME+04101&stopname=Stop+5&stop=669+Congress+St+Portland+ME+04101&stopname=Stop+6&stop=384+Congress+St+Portland+ME+04101&stopname=Stop+7&stop=2134+Congress+St+Portland+ME+04101&stopname=Stop+8&stop=600+Congress+St+Portland+ME+04101&stopname=Stop+9&stop=1639+Congress+St+Portland+ME+04101&stopname=Stop+10&stop=490+Congress+St+Portland+ME+04101&stopname=Stop+11&stop=306+Congress+St+Portland+ME+04101&stopname=Stop+12&stop=74+Congress+St+Portland+ME+04101&stopname=Stop+13&stop=1492+Congress+St+Portland+ME+04101&stopname=Stop+14&stop=38+Congress+St+Portland+ME+04101&stopname=Stop+15&stop=1897+Congress+St+Portland+ME+04101&stopname=Stop+16&stop=1403+Congress+St+Portland+ME+04101&stopname=Stop+17&stop=1095+Congress+St+Portland+ME+04101&stopname=Stop+18&stop=1010+Congress+St+Portland+ME+04101&stopname=Stop+19&stop=2137+Congress+St+Portland+ME+04101&stopname=Stop+20&stop=907+Congress+St+Portland+ME+04101&stopname=Stop+21&stop=2172+Congress+St+Portland+ME+04101&stopname=Stop+22&stop=1667+Congress+St+Portland+ME+04101&stopname=Stop+23&stop=2073+Congress+St+Portland+ME+04101&stopname=Stop+24&stop=261+Congress+St+Portland+ME+04101&stopname=Stop+25&stop=1261+Congress+St+Portland+ME+04101&stopname=Stop+26&stop=1444+Congress+St+Portland+ME+04101&stopname=Stop+27&stop=685+Congress+St+Portland+ME+04101&stopname=Stop+28&stop=118+Congress+St+Portland+ME+04101&stopname=Stop+29&stop=1377+Congress+St+Portland+ME+04101&stopname=Stop+30&stop=612+Congress+St+Portland+ME+04101&stopname=Stop+31&stop=1779+Congress+St+Portland+ME+04101&stopname=Stop+32&stop=966+Congress+St+Portland+ME+04101&stopname=Stop+33&stop=78+Congress+St+Portland+ME+04101&stopname=Stop+34&stop=1526+Congress+St+Portland+ME+04101&stopname=Stop+35&stop=400+Congress+St+Portland+ME+04101&stopname=Stop+36&stop=245+Congress+St+Portland+ME+04101&stopname=Stop+37&stop=1216+Congress+St+Portland+ME+04101&stopname=Stop+38&stop=962+Congress+St+Portland+ME+04101&stopname=Stop+39&stop=1687+Congress+St+Portland+ME+04101&stopname=Stop+40&stop=273+Congress+St+Portland+ME+04101&stopname=Stop+41&stop=1374+Congress+St+Portland+ME+04101&stopname=Stop+42&stop=1430+Congress+St+Portland+ME+04101&stopname=Stop+43&stop=955+Congress+St+Portland+ME+04101&stopname=Stop+44&stop=1303+Congress+St+Portland+ME+04101&stopname=Stop+45&stop=1879+Congress+St+Portland+ME+04101&stopname=Stop+46&stop=1717+Congress+St+Portland+ME+04101&stopname=Stop+47&stop=1113+Congress+St+Portland+ME+04101&stopname=Stop+48&stop=520+Congress+St+Portland+ME+04101&stopname=Stop+49&stop=1871+Congress+St+Portland+ME+04101&stopname=Stop+50&optimize=False,50 Random Congress St Stops - Optimize Off,PASS,Performance; Stops
arcgis-navigator://?stop=1157+Congress+St+Portland+ME+04101&stopname=Stop+1&stop=595+Congress+St+Portland+ME+04101&stopname=Stop+2&stop=1186+Congress+St+Portland+ME+04101&stopname=Stop+3&stop=1989+Congress+St+Portland+ME+04101&stopname=Stop+4&stop=1616+Congress+St+Portland+ME+04101&stopname=Stop+5&stop=669+Congress+St+Portland+ME+04101&stopname=Stop+6&stop=384+Congress+St+Portland+ME+04101&stopname=Stop+7&stop=2134+Congress+St+Portland+ME+04101&stopname=Stop+8&stop=600+Congress+St+Portland+ME+04101&stopname=Stop+9&stop=1639+Congress+St+Portland+ME+04101&stopname=Stop+10&stop=490+Congress+St+Portland+ME+04101&stopname=Stop+11&stop=306+Congress+St+Portland+ME+04101&stopname=Stop+12&stop=74+Congress+St+Portland+ME+04101&stopname=Stop+13&stop=1492+Congress+St+Portland+ME+04101&stopname=Stop+14&stop=38+Congress+St+Portland+ME+04101&stopname=Stop+15&stop=1897+Congress+St+Portland+ME+04101&stopname=Stop+16&stop=1403+Congress+St+Portland+ME+04101&stopname=Stop+17&stop=1095+Congress+St+Portland+ME+04101&stopname=Stop+18&stop=1010+Congress+St+Portland+ME+04101&stopname=Stop+19&stop=2137+Congress+St+Portland+ME+04101&stopname=Stop+20&stop=907+Congress+St+Portland+ME+04101&stopname=Stop+21&stop=2172+Congress+St+Portland+ME+04101&stopname=Stop+22&stop=1667+Congress+St+Portland+ME+04101&stopname=Stop+23&stop=2073+Congress+St+Portland+ME+04101&stopname=Stop+24&stop=261+Congress+St+Portland+ME+04101&stopname=Stop+25&stop=1261+Congress+St+Portland+ME+04101&stopname=Stop+26&stop=1444+Congress+St+Portland+ME+04101&stopname=Stop+27&stop=685+Congress+St+Portland+ME+04101&stopname=Stop+28&stop=118+Congress+St+Portland+ME+04101&stopname=Stop+29&stop=1377+Congress+St+Portland+ME+04101&stopname=Stop+30&stop=612+Congress+St+Portland+ME+04101&stopname=Stop+31&stop=1779+Congress+St+Portland+ME+04101&stopname=Stop+32&stop=966+Congress+St+Portland+ME+04101&stopname=Stop+33&stop=78+Congress+St+Portland+ME+04101&stopname=Stop+34&stop=1526+Congress+St+Portland+ME+04101&stopname=Stop+35&stop=400+Congress+St+Portland+ME+04101&stopname=Stop+36&stop=245+Congress+St+Portland+ME+04101&stopname=Stop+37&stop=1216+Congress+St+Portland+ME+04101&stopname=Stop+38&stop=962+Congress+St+Portland+ME+04101&stopname=Stop+39&stop=1687+Congress+St+Portland+ME+04101&stopname=Stop+40&stop=273+Congress+St+Portland+ME+04101&stopname=Stop+41&stop=1374+Congress+St+Portland+ME+04101&stopname=Stop+42&stop=1430+Congress+St+Portland+ME+04101&stopname=Stop+43&stop=955+Congress+St+Portland+ME+04101&stopname=Stop+44&stop=1303+Congress+St+Portland+ME+04101&stopname=Stop+45&stop=1879+Congress+St+Portland+ME+04101&stopname=Stop+46&stop=1717+Congress+St+Portland+ME+04101&stopname=Stop+47&stop=1113+Congress+St+Portland+ME+04101&stopname=Stop+48&stop=520+Congress+St+Portland+ME+04101&stopname=Stop+49&stop=1871+Congress+St+Portland+ME+04101&stopname=Stop+50&optimize=True,50 Random Congress St Stops - Optimize True,PASS,Performance; Stops
arcgis-navigator://?stop=689+Congress+St+Portland+ME+04101&stopname=Stop+1&stop=1022+Congress+St+Portland+ME+04101&stopname=Stop+2&stop=1202+Congress+St+Portland+ME+04101&stopname=Stop+3&stop=695+Congress+St+Portland+ME+04101&stopname=Stop+4&stop=447+Congress+St+Portland+ME+04101&stopname=Stop+5&stop=1106+Congress+St+Portland+ME+04101&stopname=Stop+6&stop=1974+Congress+St+Portland+ME+04101&stopname=Stop+7&stop=800+Congress+St+Portland+ME+04101&stopname=Stop+8&stop=1372+Congress+St+Portland+ME+04101&stopname=Stop+9&stop=2228+Congress+St+Portland+ME+04101&stopname=Stop+10&stop=599+Congress+St+Portland+ME+04101&stopname=Stop+11&stop=444+Congress+St+Portland+ME+04101&stopname=Stop+12&stop=1255+Congress+St+Portland+ME+04101&stopname=Stop+13&stop=2111+Congress+St+Portland+ME+04101&stopname=Stop+14&stop=364+Congress+St+Portland+ME+04101&stopname=Stop+15&stop=1372+Congress+St+Portland+ME+04101&stopname=Stop+16&stop=2205+Congress+St+Portland+ME+04101&stopname=Stop+17&stop=1095+Congress+St+Portland+ME+04101&stopname=Stop+18&stop=1770+Congress+St+Portland+ME+04101&stopname=Stop+19&stop=408+Congress+St+Portland+ME+04101&stopname=Stop+20&stop=1344+Congress+St+Portland+ME+04101&stopname=Stop+21&stop=1188+Congress+St+Portland+ME+04101&stopname=Stop+22&stop=742+Congress+St+Portland+ME+04101&stopname=Stop+23&stop=1511+Congress+St+Portland+ME+04101&stopname=Stop+24&stop=1824+Congress+St+Portland+ME+04101&stopname=Stop+25&optimize=False,25 Random Congress St Stops - Optimize Off,PASS,Performance; Stops
arcgis-navigator://?stop=689+Congress+St+Portland+ME+04101&stopname=Stop+1&stop=1022+Congress+St+Portland+ME+04101&stopname=Stop+2&stop=1202+Congress+St+Portland+ME+04101&stopname=Stop+3&stop=695+Congress+St+Portland+ME+04101&stopname=Stop+4&stop=447+Congress+St+Portland+ME+04101&stopname=Stop+5&stop=1106+Congress+St+Portland+ME+04101&stopname=Stop+6&stop=1974+Congress+St+Portland+ME+04101&stopname=Stop+7&stop=800+Congress+St+Portland+ME+04101&stopname=Stop+8&stop=1372+Congress+St+Portland+ME+04101&stopname=Stop+9&stop=2228+Congress+St+Portland+ME+04101&stopname=Stop+10&stop=599+Congress+St+Portland+ME+04101&stopname=Stop+11&stop=444+Congress+St+Portland+ME+04101&stopname=Stop+12&stop=1255+Congress+St+Portland+ME+04101&stopname=Stop+13&stop=2111+Congress+St+Portland+ME+04101&stopname=Stop+14&stop=364+Congress+St+Portland+ME+04101&stopname=Stop+15&stop=1372+Congress+St+Portland+ME+04101&stopname=Stop+16&stop=2205+Congress+St+Portland+ME+04101&stopname=Stop+17&stop=1095+Congress+St+Portland+ME+04101&stopname=Stop+18&stop=1770+Congress+St+Portland+ME+04101&stopname=Stop+19&stop=408+Congress+St+Portland+ME+04101&stopname=Stop+20&stop=1344+Congress+St+Portland+ME+04101&stopname=Stop+21&stop=1188+Congress+St+Portland+ME+04101&stopname=Stop+22&stop=742+Congress+St+Portland+ME+04101&stopname=Stop+23&stop=1511+Congress+St+Portland+ME+04101&stopname=Stop+24&stop=1824+Congress+St+Portland+ME+04101&stopname=Stop+25&optimize=True,25 Random Congress St Stops - Optimize True,PASS,Performance; Stops
"arcgis-navigator://?start=8840+Stanford+Blvd,+Columbia,+MD&stop=8850+Stanford+Blvd,+Columbia,+MD,+21045&stop=8855+McGaw+Rd,+Columbia,+MD,+21045&stop=6111+Dobbin+Rd,+Columbia,+MD,+21045&stop=7075+Minstrel+Way,+Columbia,+MD,+21046&stop=8620+Guilford+Rd,+Columbia,+MD,+21046",5 MD Stops - Optimize not specified,PASS,"Performance; Stops, SFIssue XXX; Optimize toggle disappearing"
"arcgis-navigator://?start=8840+Stanford+Blvd,+Columbia,+MD&stop=8850+Stanford+Blvd,+Columbia,+MD,+21045&stop=8855+McGaw+Rd,+Columbia,+MD,+21045&stop=6111+Dobbin+Rd,+Columbia,+MD,+21045&stop=7075+Minstrel+Way,+Columbia,+MD,+21046&stop=8620+Guilford+Rd,+Columbia,+MD,+21046&optimize=True",5 MD Stops - Optimize True,PASS,"Performance; Stops, SFIssue XXX; Optimize toggle disappearing"
"arcgis-navigator://?start=8840+Stanford+Blvd,+Columbia,+MD&stop=8850+Stanford+Blvd,+Columbia,+MD,+21045&stop=8855+McGaw+Rd,+Columbia,+MD,+21045&stop=6111+Dobbin+Rd,+Columbia,+MD,+21045&stop=7075+Minstrel+Way,+Columbia,+MD,+21046&stop=8620+Guilford+Rd,+Columbia,+MD,+21046&stop=7351+Assateague+Dr,+Jessup,+MD,+20794&stop=7248+Cradlerock+Way,+Columbia,+MD,+21045&stop=6345+Dobbin+Rd,+Columbia,+MD,+21045&stop=8300+Benson+Dr,+Columbia,+MD,+21045&stop=6000+Foreland+Garth,+Columbia,+MD,+21045&stop=7100+Minstrel+Way,+Columbia,+MD,+21045&stop=7930+Washington+Blvd,+Jessup,+MD,+20794&stop=7894+Washington+Blvd,+Elkridge,+MD,+21075&stop=7401+Assateague+Dr,+Jessup,+MD,+20794&stop=8686+Washington+Blvd,+Jessup,+MD,+20794&stop=5740+Columbia+Rd,+Columbia,+MD,+21044&stop=7311+Washington+Blvd,+Elkridge,+MD,+21075&stop=1401+Dorsey+Rd,+Hanover,+MD,+21076&stop=14001+Baltimore+Ave,+Laurel,+MD,+20707&stop=8874+McGaw+Rd,+Columbia,+MD,+21045",20 MD Stops - Optimize not specified,PASS,"Performance; Stops, SFIssue XXX; Optimize toggle disappearing"
"arcgis-navigator://?start=8840+Stanford+Blvd,+Columbia,+MD&stop=8850+Stanford+Blvd,+Columbia,+MD,+21045&stop=8855+McGaw+Rd,+Columbia,+MD,+21045&stop=6111+Dobbin+Rd,+Columbia,+MD,+21045&stop=7075+Minstrel+Way,+Columbia,+MD,+21046&stop=8620+Guilford+Rd,+Columbia,+MD,+21046&stop=7351+Assateague+Dr,+Jessup,+MD,+20794&stop=7248+Cradlerock+Way,+Columbia,+MD,+21045&stop=6345+Dobbin+Rd,+Columbia,+MD,+21045&stop=8300+Benson+Dr,+Columbia,+MD,+21045&stop=6000+Foreland+Garth,+Columbia,+MD,+21045&stop=7100+Minstrel+Way,+Columbia,+MD,+21045&stop=7930+Washington+Blvd,+Jessup,+MD,+20794&stop=7894+Washington+Blvd,+Elkridge,+MD,+21075&stop=7401+Assateague+Dr,+Jessup,+MD,+20794&stop=8686+Washington+Blvd,+Jessup,+MD,+20794&stop=5740+Columbia+Rd,+Columbia,+MD,+21044&stop=7311+Washington+Blvd,+Elkridge,+MD,+21075&stop=1401+Dorsey+Rd,+Hanover,+MD,+21076&stop=14001+Baltimore+Ave,+Laurel,+MD,+20707&stop=8874+McGaw+Rd,+Columbia,+MD,+21045&optimize=True",20 MD Stops - Optimize True,PASS,"Performance; Stops, SFIssue XXX; Optimize toggle disappearing"
arcgis-navigator://?stop=1559+Congress+St+Portland+ME+04101&stopname=Stop+1&stop=2224+Congress+St+Portland+ME+04101&stopname=Stop+2&stop=1509+Congress+St+Portland+ME+04101&stopname=Stop+3&stop=1817+Congress+St+Portland+ME+04101&stopname=Stop+4&stop=1174+Congress+St+Portland+ME+04101&stopname=Stop+5&stop=663+Congress+St+Portland+ME+04101&stopname=Stop+6&stop=2203+Congress+St+Portland+ME+04101&stopname=Stop+7&stop=2200+Congress+St+Portland+ME+04101&stopname=Stop+8&stop=1699+Congress+St+Portland+ME+04101&stopname=Stop+9&stop=843+Congress+St+Portland+ME+04101&stopname=Stop+10&optimize=False,10 Random Congress St Stops - Optimize Off,PASS,Performance; Stops
arcgis-navigator://?stop=1559+Congress+St+Portland+ME+04101&stopname=Stop+1&stop=2224+Congress+St+Portland+ME+04101&stopname=Stop+2&stop=1509+Congress+St+Portland+ME+04101&stopname=Stop+3&stop=1817+Congress+St+Portland+ME+04101&stopname=Stop+4&stop=1174+Congress+St+Portland+ME+04101&stopname=Stop+5&stop=663+Congress+St+Portland+ME+04101&stopname=Stop+6&stop=2203+Congress+St+Portland+ME+04101&stopname=Stop+7&stop=2200+Congress+St+Portland+ME+04101&stopname=Stop+8&stop=1699+Congress+St+Portland+ME+04101&stopname=Stop+9&stop=843+Congress+St+Portland+ME+04101&stopname=Stop+10&optimize=True,10 Random Congress St Stops - Optimize True,PASS,Performance; Stops
arcgis-navigator://?stop=897+Congress+St+Portland+ME+04101&stopname=Stop+1&stop=1404+Congress+St+Portland+ME+04101&stopname=Stop+2&stop=1566+Congress+St+Portland+ME+04101&stopname=Stop+3&stop=1056+Congress+St+Portland+ME+04101&stopname=Stop+4&stop=97+Congress+St+Portland+ME+04101&stopname=Stop+5&optimize=False,5 Random Congress St Stops - Optimize Off,PASS,Performance; Stops
arcgis-navigator://?stop=897+Congress+St+Portland+ME+04101&stopname=Stop+1&stop=1404+Congress+St+Portland+ME+04101&stopname=Stop+2&stop=1566+Congress+St+Portland+ME+04101&stopname=Stop+3&stop=1056+Congress+St+Portland+ME+04101&stopname=Stop+4&stop=97+Congress+St+Portland+ME+04101&stopname=Stop+5&optimize=True,5 Random Congress St Stops - Optimize True,PASS,Performance; Stops
"arcgis-navigator://?stop=43.656572,-70.251198&stopname=Esri+Portland+Office&stop=43.633332,-70.259971&stopname='Joel'&start=43.633332,-70.259971&startname='Joel'&travelmode=Driving+Time&navigate=false",Optimize not specified - SF Issue 1289 (NavigatorSF),PASS,SF Issue 1289; Optimize
"arcgis-navigator://?start=100+Commercial+St+Portland+ME&startname=Esri&stop=43.633332,-70.259971&stopname=My+House",Esri (add) - My house (coord) _ start then stop,PASS,SF Issue 1393; Parsing
"arcgis-navigator://?stop=43.633332,-70.259971&stopname=My+House&start=100+Commercial+St+Portland+ME&startname=Esri",Esri (add) - My house (coord),PASS,SF Issue 1393; Parsing
"arcgis-navigator://?start=43.656582,-70.251243&startname=Esri&stop=710+Broadway+South+Portland+ME&stopname=My+House",Esri (coord) - My house (add) _ start then stop,PASS,SF Issue 1393; Parsing
"arcgis-navigator://?stop=710+Broadway+South+Portland+ME&stopname=My+House&start=43.656582,-70.251243&startname=Esri",Esri (coord) - My house (add),PASS,SF Issue 1393; Parsing
"arcgis-navigator://?stop=43.633332,-70.259971&stopname=My+House&start=43.656582,-70.251243&startname=Esri",Esri (coord) - My house (coord) _ start then stop,PASS,SF Issue 1393; Parsing
"arcgis-navigator://?start=43.656582,-70.251243&startname=Esri&stop=43.633332,-70.259971&stopname=My+House",Esri (coord) - My house (coord),PASS,SF Issue 1393; Parsing
arcgis-navigator://?stop=710+Broadway+South+Portland+ME&stopname=My+House&start=100+Commercial+St+Portland+ME&startname=Esri,Esri (add) - My house (add) _ start then stop,PASS,SF Issue 1393; Parsing
arcgis-navigator://?start=100+Commercial+St+Portland+ME&startname=Esri&stop=710+Broadway+South+Portland+ME&stopname=My+House,Esri (add) - My house (add),PASS,SF Issue 1393; Parsing
arcgis-navigator://?start=100+Commercial+St+Portland+ME&startname=Esri&stop=710+Broadway+South+Portland+ME&stopname=My+House,Stop (add) - name,PASS,SF Issue 1431; Stopnames
arcgis-navigator://?start=100+Commercial+St+Portland+ME&startname=Esri&stop=710+Broadway+South+Portland+ME,Stop (add) - no name,PASS,SF Issue 1431; Stopnames
"arcgis-navigator://?start=100+Commercial+St+Portland+ME&startname=Esri&stop=43.633332,-70.259971&stopname=My+House",Stop (coord) - name,PASS,SF Issue 1431; Stopnames
"arcgis-navigator://?start=100+Commercial+St+Portland+ME&startname=Esri&stop=43.633332,-70.259971",Stop (coord) - no name,PASS,SF Issue 1431; Stopnames
arcgis-navigator://?stop=710+Broadway+South+Portland+ME&stopname=My+House,No Start; Stop (add) - name,PASS,SF Issue 1431; Stopnames
arcgis-navigator://?stop=710+Broadway+South+Portland+ME,No Start; Stop (add) - no name,PASS,SF Issue 1431; Stopnames
"arcgis-navigator://?stop=43.633332,-70.259971&stopname=My+House",No Start; Stop (coord) - name,PASS,SF Issue 1431; Stopnames
"arcgis-navigator://?stop=43.633332,-70.259971",No Start; Stop (coord) - no name,PASS,SF Issue 1431; Stopnames
"arcgis-navigator://?start=43.656582,-70.251243&startname=Esri&stop=710+Broadway+South+Portland+ME&stopname=My+House",Start (coord) - name,PASS,SF Issue 1431; Stopnames
"arcgis-navigator://?start=43.656582,-70.251243&stop=710+Broadway+South+Portland+ME&stopname=My+House",Start (coord) - no name,PASS,SF Issue 1431; Stopnames
arcgis-navigator://?start=100+Commercial+St+Portland+ME&startname=Esri&stop=710+Broadway+South+Portland+ME&stopname=My+House,Start (add) - name,PASS,SF Issue 1431; Stopnames
arcgis-navigator://?start=100+Commercial+St+Portland+ME&stop=710+Broadway+South+Portland+ME&stopname=My+House,Start (add) - no name,PASS,SF Issue 1431; Stopnames
"arcgis-navigator://?start=43.668763,-70.244458&stop=43.6658988,-70.2481014&stop=43.6630346,-70.2517448&stop=43.660170400000005,-70.2553882&stop=43.654442,-70.262675",5 Congress coordinates,PASS,Performance; Reverse Geocode
"arcgis-navigator://?stop=32.253658,-110.762212&stopname=2508 N WYCHWOOD CT&travelMode=Driving Time&start=32.227415,-110.846551&startname=Stacey&navigate=false&optimize=false",1 Stop off road in Arizona,PASS,Pin Placement
"arcgis-navigator://?stop=32.279244,-110.892588&stopname=4650 E RIVER RD&stop=32.290177,-110.895114&stopname=4580 E AVENIDA SHELLY&stop=32.333744,-110.884013&stopname=5121 E OAKMONT DR&stop=32.330445,-110.898012&stopname=4435 E QUIVIRA PL&stop=32.322800,-110.930560&stopname=2905 E SKYLINE DR&stop=32.325549,-110.958384&stopname=921 E CAMINO DE LOS PADRES&stop=32.328388,-110.970876&stopname=6720 N CASAS ADOBES DR&stop=32.332783,-111.010614&stopname=2040 W OMAR DR&stop=32.362614,-110.986222&stopname=959 W PINE ST&stop=32.346153,-110.958220&stopname=7725 N SENDERO DE JUANA&stop=32.348956,-110.936929&stopname=2435 E PLACITA DE LA VICTORIA&stop=32.349192,-110.946601&stopname=1682 E SAHUARO BLOSSOM PL&stop=32.307518,-110.911730&stopname=5501 N HACIENDA DEL SOL RD&stop=32.312795,-110.845985&stopname=5800 N KOLB RD&stop=32.271048,-110.836573&stopname=7310 E CAMINO DE CIMA&stop=32.255537,-110.780777&stopname=2550 N BONANZA AV&stop=32.288354,-110.779016&stopname=9991 E WILD JAVELINA PL&stop=32.293349,-110.760660&stopname=4714 N CHESTNUT LN&stop=32.257274,-110.748864&stopname=11421 E SUNDANCE DR&stop=32.254980,-110.760102&stopname=2543 N WYCHWOOD CT&stop=32.253658,-110.762212&stopname=2508 N WYCHWOOD CT&stop=32.227415,-110.846551&stopname=Stacey&travelMode=Driving Time&start=32.227415,-110.846551&startname=Stacey&navigate=false&optimize=false",Pima routes -- see stops 20 and 21,PASS,Issue
"arcgis-navigator://?start=573+E+HIGH+ST,+ELIZABETHTOWN,+PA,+17022&stop=591+E+HIGH+ST,+ELIZABETHTOWN,+PA,+17022&stop=600+E+HIGH+ST,+ELIZABETHTOWN,+PA,+17022&stop=600+E+HIGH+ST,+ELIZABETHTOWN,+PA,+17022&stop=619+E+HIGH+ST,+ELIZABETHTOWN,+PA,+17022&stop=609+E+HIGH+ST,+ELIZABETHTOWN,+PA,+17022&stop=598+E+HUMMELSTOWN+ST,+ELIZABETHTOWN,+PA,+17022&stop=594+E+HUMMELSTOWN+ST,+ELIZABETHTOWN,+PA,+17022&stop=592+E+HUMMELSTOWN+ST,+ELIZABETHTOWN,+PA,+17022&stop=593+E+HUMMELSTOWN+ST,+ELIZABETHTOWN,+PA,+17022&stop=583+E+HUMMELSTOWN+ST,+ELIZABETHTOWN,+PA,+17022&stop=600+E+HUMMELSTOWN+ST,+ELIZABETHTOWN,+PA,+17022&stop=608+E+HUMMELSTOWN+ST,+ELIZABETHTOWN,+PA,+17022&stop=611+E+HUMMELSTOWN+ST,+ELIZABETHTOWN,+PA,+17022&stop=614+E+HUMMELSTOWN+ST,+ELIZABETHTOWN,+PA,+17022&stop=620+E+HUMMELSTOWN+ST,+ELIZABETHTOWN,+PA,+17022&stop=623+E+HUMMELSTOWN+ST,+ELIZABETHTOWN,+PA,+17022&stop=638+E+HUMMELSTOWN+ST,+ELIZABETHTOWN,+PA,+17022&stop=641+E+HUMMELSTOWN+ST,+ELIZABETHTOWN,+PA,+17022&stop=644+E+HUMMELSTOWN+ST,+ELIZABETHTOWN,+PA,+17022&stop=4+OVERBROOK +APARTMENTS,+ELIZABETHTOWN,+PA,+17022&stop=1+BRANDYWINE +APARTMENTS,+ELIZABETHTOWN,+PA,+17022&stop=4+STRAFFORD +APARTMENTS,+ELIZABETHTOWN,+PA,+17022&stop=1+DEVONSHIRE +APARTMENTS,+ELIZABETHTOWN,+PA,+17022&stop=3+GEORGETOWN +APARTMENTS,+ELIZABETHTOWN,+PA,+17022&stop=1+SHERWOOD +APARTMENTS,+ELIZABETHTOWN,+PA,+17022&stop=1+CORNWALL +APARTMENTS,+ELIZABETHTOWN,+PA,+17022&stop=300+BEECHWOOD+LN,+ELIZABETHTOWN,+PA,+17022&stop=649+MULBERRY+ST,+ELIZABETHTOWN,+PA,+17022&stop=9+TEAKWOOD+CIR,+ELIZABETHTOWN,+PA,+17022&stop=13+TEAKWOOD+CIR,+ELIZABETHTOWN,+PA,+17022&stop=17+TEAKWOOD+CIR,+ELIZABETHTOWN,+PA,+17022&stop=19+TEAKWOOD+CIR,+ELIZABETHTOWN,+PA,+17022&stop=641+MULBERRY+ST,+ELIZABETHTOWN,+PA,+17022&stop=632+MULBERRY+ST,+ELIZABETHTOWN,+PA,+17022&stop=633+MULBERRY+ST,+ELIZABETHTOWN,+PA,+17022&stop=617+MULBERRY+ST,+ELIZABETHTOWN,+PA,+17022&stop=11+ASPEN+CIR,+ELIZABETHTOWN,+PA,+17022&stop=585+MULBERRY+ST,+ELIZABETHTOWN,+PA,+17022&stop=580+MULBERRY+ST,+ELIZABETHTOWN,+PA,+17022&stop=576+MULBERRY+ST,+ELIZABETHTOWN,+PA,+17022&stop=520+MULBERRY+ST,+ELIZABETHTOWN,+PA,+17022&stop=110+N+CHESTNUT+ST,+ELIZABETHTOWN,+PA,+17022&stop=501+SNYDER+AVE,+ELIZABETHTOWN,+PA,+17022&stop=537+SNYDER+AVE,+ELIZABETHTOWN,+PA,+17022&stop=534+SNYDER+AVE,+ELIZABETHTOWN,+PA,+17022&stop=540+SNYDER+AVE,+ELIZABETHTOWN,+PA,+17022&stop=549+SNYDER+AVE,+ELIZABETHTOWN,+PA,+17022&stop=550+SNYDER+AVE,+ELIZABETHTOWN,+PA,+17022&stop=554+SNYDER+AVE,+ELIZABETHTOWN,+PA,+17022&stop=560+SNYDER+AVE,+ELIZABETHTOWN,+PA,+17022&stop=547+E+HUMMELSTOWN+ST,+ELIZABETHTOWN,+PA,+17022&stop=523+E+HUMMELSTOWN+ST,+ELIZABETHTOWN,+PA,+17022&stop=514+E+HUMMELSTOWN+ST,+ELIZABETHTOWN,+PA,+17022&stop=508+E+HUMMELSTOWN+ST,+ELIZABETHTOWN,+PA,+17022&stop=124+N+CHESTNUT+ST,+ELIZABETHTOWN,+PA,+17022&stop=505+E+WILLOW+ST,+ELIZABETHTOWN,+PA,+17022&stop=510+E+WILLOW+ST,+ELIZABETHTOWN,+PA,+17022&stop=517+E+WILLOW+ST,+ELIZABETHTOWN,+PA,+17022",PA - Stops cutting off (spaces in addresses),FAIL,Parsing Issue
"arcgis-navigator://?start=573+E+HIGH+ST,+ELIZABETHTOWN,+PA,+17022&stop=591+E+HIGH+ST,+ELIZABETHTOWN,+PA,+17022&stop=600+E+HIGH+ST,+ELIZABETHTOWN,+PA,+17022&stop=600+E+HIGH+ST,+ELIZABETHTOWN,+PA,+17022&stop=619+E+HIGH+ST,+ELIZABETHTOWN,+PA,+17022&stop=609+E+HIGH+ST,+ELIZABETHTOWN,+PA,+17022&stop=598+E+HUMMELSTOWN+ST,+ELIZABETHTOWN,+PA,+17022&stop=594+E+HUMMELSTOWN+ST,+ELIZABETHTOWN,+PA,+17022&stop=592+E+HUMMELSTOWN+ST,+ELIZABETHTOWN,+PA,+17022&stop=593+E+HUMMELSTOWN+ST,+ELIZABETHTOWN,+PA,+17022&stop=583+E+HUMMELSTOWN+ST,+ELIZABETHTOWN,+PA,+17022&stop=600+E+HUMMELSTOWN+ST,+ELIZABETHTOWN,+PA,+17022&stop=608+E+HUMMELSTOWN+ST,+ELIZABETHTOWN,+PA,+17022&stop=611+E+HUMMELSTOWN+ST,+ELIZABETHTOWN,+PA,+17022&stop=614+E+HUMMELSTOWN+ST,+ELIZABETHTOWN,+PA,+17022&stop=620+E+HUMMELSTOWN+ST,+ELIZABETHTOWN,+PA,+17022&stop=623+E+HUMMELSTOWN+ST,+ELIZABETHTOWN,+PA,+17022&stop=638+E+HUMMELSTOWN+ST,+ELIZABETHTOWN,+PA,+17022&stop=641+E+HUMMELSTOWN+ST,+ELIZABETHTOWN,+PA,+17022&stop=644+E+HUMMELSTOWN+ST,+ELIZABETHTOWN,+PA,+17022&stop=4+OVERBROOK+APARTMENTS,+ELIZABETHTOWN,+PA,+17022&stop=1+BRANDYWINE+APARTMENTS,+ELIZABETHTOWN,+PA,+17022&stop=4+STRAFFORD+APARTMENTS,+ELIZABETHTOWN,+PA,+17022&stop=1+DEVONSHIRE+APARTMENTS,+ELIZABETHTOWN,+PA,+17022&stop=3+GEORGETOWN+APARTMENTS,+ELIZABETHTOWN,+PA,+17022&stop=1+SHERWOOD+APARTMENTS,+ELIZABETHTOWN,+PA,+17022&stop=1+CORNWALL+APARTMENTS,+ELIZABETHTOWN,+PA,+17022&stop=300+BEECHWOOD+LN,+ELIZABETHTOWN,+PA,+17022&stop=649+MULBERRY+ST,+ELIZABETHTOWN,+PA,+17022&stop=9+TEAKWOOD+CIR,+ELIZABETHTOWN,+PA,+17022&stop=13+TEAKWOOD+CIR,+ELIZABETHTOWN,+PA,+17022&stop=17+TEAKWOOD+CIR,+ELIZABETHTOWN,+PA,+17022&stop=19+TEAKWOOD+CIR,+ELIZABETHTOWN,+PA,+17022&stop=641+MULBERRY+ST,+ELIZABETHTOWN,+PA,+17022&stop=632+MULBERRY+ST,+ELIZABETHTOWN,+PA,+17022&stop=633+MULBERRY+ST,+ELIZABETHTOWN,+PA,+17022&stop=617+MULBERRY+ST,+ELIZABETHTOWN,+PA,+17022&stop=11+ASPEN+CIR,+ELIZABETHTOWN,+PA,+17022&stop=585+MULBERRY+ST,+ELIZABETHTOWN,+PA,+17022&stop=580+MULBERRY+ST,+ELIZABETHTOWN,+PA,+17022&stop=576+MULBERRY+ST,+ELIZABETHTOWN,+PA,+17022&stop=520+MULBERRY+ST,+ELIZABETHTOWN,+PA,+17022&stop=110+N+CHESTNUT+ST,+ELIZABETHTOWN,+PA,+17022&stop=501+SNYDER+AVE,+ELIZABETHTOWN,+PA,+17022&stop=537+SNYDER+AVE,+ELIZABETHTOWN,+PA,+17022&stop=534+SNYDER+AVE,+ELIZABETHTOWN,+PA,+17022&stop=540+SNYDER+AVE,+ELIZABETHTOWN,+PA,+17022&stop=549+SNYDER+AVE,+ELIZABETHTOWN,+PA,+17022&stop=550+SNYDER+AVE,+ELIZABETHTOWN,+PA,+17022&stop=554+SNYDER+AVE,+ELIZABETHTOWN,+PA,+17022&stop=560+SNYDER+AVE,+ELIZABETHTOWN,+PA,+17022&stop=547+E+HUMMELSTOWN+ST,+ELIZABETHTOWN,+PA,+17022&stop=523+E+HUMMELSTOWN+ST,+ELIZABETHTOWN,+PA,+17022&stop=514+E+HUMMELSTOWN+ST,+ELIZABETHTOWN,+PA,+17022&stop=508+E+HUMMELSTOWN+ST,+ELIZABETHTOWN,+PA,+17022&stop=124+N+CHESTNUT+ST,+ELIZABETHTOWN,+PA,+17022&stop=505+E+WILLOW+ST,+ELIZABETHTOWN,+PA,+17022&stop=510+E+WILLOW+ST,+ELIZABETHTOWN,+PA,+17022&stop=517+E+WILLOW+ST,+ELIZABETHTOWN,+PA,+17022",PA - Stops cutting off (NO spaces),PASS,Parsing Issue
"arcgis-navigator://?start=644+E+HUMMELSTOWN+ST,+ELIZABETHTOWN,+PA,+17022&stop=4+OVERBROOK+APARTMENTS,+ELIZABETHTOWN,+PA,+17022&stop=1+BRANDYWINE+APARTMENTS,+ELIZABETHTOWN,+PA,+17022&stop=4+STRAFFORD+APARTMENTS,+ELIZABETHTOWN,+PA,+17022&stop=1+DEVONSHIRE+APARTMENTS,+ELIZABETHTOWN,+PA,+17022&stop=3+GEORGETOWN+APARTMENTS,+ELIZABETHTOWN,+PA,+17022&stop=1+SHERWOOD+APARTMENTS,+ELIZABETHTOWN,+PA,+17022&stop=1+CORNWALL+APARTMENTS,+ELIZABETHTOWN,+PA,+17022&stop=300+BEECHWOOD+LN,+ELIZABETHTOWN,+PA,+17022",PA - Stops not arriving,PASS,Arrival issue